fiscalDateEnding,reportedCurrency,totalAssets,totalCurrentAssets,cashAndCashEquivalentsAtCarryingValue,cashAndShortTermInvestments,inventory,currentNetReceivables,totalNonCurrentAssets,propertyPlantEquipment,accumulatedDepreciationAmortizationPPE,intangibleAssets,intangibleAssetsExcludingGoodwill,goodwill,investments,longTermInvestments,shortTermInvestments,otherCurrentAssets,otherNonCurrentAssets,totalLiabilities,totalCurrentLiabilities,currentAccountsPayable,deferredRevenue,currentDebt,shortTermDebt,totalNonCurrentLiabilities,capitalLeaseObligations,longTermDebt,currentLongTermDebt,longTermDebtNoncurrent,shortLongTermDebtTotal,otherCurrentLiabilities,otherNonCurrentLiabilities,totalShareholderEquity,treasuryStock,retainedEarnings,commonStock,commonStockSharesOutstanding,Symbol
2023-12-31,USD,2759767000,1983077000,86864000,1673744000,None,248268000,776643000,322813000,218480000,167564000,19564000,148000000,1586880000,None,1586880000,47502000,12636000,1996720000,567084000,53727000,364852000,None,38351000,1429636000,151841000,1283362000,None,1283362000,1283362000,127398000,15540000,763047000,None,-1023840000,337000,336824000,NET
2023-09-30,USD,2589910000,1858003000,94143000,1574305000,1612000,199468000,731860000,309815000,255339000,165821000,17821000,148000000,1495086000,None,1480162000,70929000,12778000,1890653000,477775000,40590000,311454000,None,35076000,1412878000,136749000,1282372000,None,1282372000,1282372000,108009000,11479000,699257000,None,-995975000,335000,334666000,NET
2023-06-30,USD,2533208000,1818060000,159318000,1584620000,2797000,177920000,715101000,293259000,228520000,170708000,22708000,148000000,1432229000,None,1425302000,44050000,11345000,1891374000,473118000,32376000,286839000,35330000,70696000,1418256000,142358000,1316713000,35330000,1281383000,1316713000,102067000,11021000,641834000,None,-972440000,332000,332297000,NET
2023-03-31,USD,2667564000,1954400000,256363000,1715592000,10505000,179749000,713117000,298188000,204000000,175596000,27596000,148000000,1459229000,None,1459229000,40531000,8434000,2014978000,444505000,54563000,252260000,None,34796000,1570473000,143600000,1437355000,None,1437355000,1437355000,116351000,10849000,652586000,None,-877973000,330000,330389000,NET
2022-12-31,USD,2587908000,1887884000,204178000,1649937000,None,148544000,700024000,286600000,178901000,180530000,32483000,148000000,1447794000,None,1445759000,81111000,6918000,1963944000,397870000,35607000,230379000,None,33275000,1566074000,140899000,1436192000,0,1436192000,1436192000,110341000,10526000,623964000,None,-839891000,328000,328957000,NET
2022-09-30,USD,2490617000,1815787000,137838000,1636262000,None,126868000,674830000,264132000,176093000,186493000,37371000,149122000,1498424000,None,1498424000,45446000,3490000,1896628000,339287000,39227000,180084000,None,28526000,1557341000,132543000,1435030000,0,1435030000,1435030000,100136000,9608000,593989000,None,-793974000,327000,326590000,NET
2022-06-30,USD,2468459000,1814013000,142675000,1641848000,1,122114000,654446000,244560000,157219000,191380000,42258000,149122000,1509170000,None,1499173000,42856000,3889000,1887969000,332814000,55732000,162652000,None,28298000,1555155000,133646000,1433867000,0,1433867000,1433867000,92973000,9099000,580490000,None,-751428000,325000,325197000,NET
2022-03-31,USD,2353949000,1894810000,151976000,1725240000,None,125350000,459139000,202432000,138222000,32327000,3846000,28481000,1594557000,None,1573264000,37891000,3274000,1838472000,276616000,32925000,137227000,None,27305000,1561856000,141924000,1432705000,0,1432705000,1432705000,84736000,8955000,515477000,None,-687891000,323000,323334000,NET
2021-12-31,USD,2372071000,1955856000,313777000,1821843000,None,95543000,416215000,183736000,120213000,24784000,1254000,23500000,1511407000,None,1508066000,29954000,2838000,1556273000,288565000,26086000,121226000,12117000,37292000,1267708000,134212000,1158994000,12117000,1146877000,1158994000,108641000,7114000,811359000,None,-680829000,321000,320430000,NET
2021-09-30,USD,2315514000,1930577000,618231000,1813877000,None,84705000,384937000,176556000,123055000,17867000,700000,17167000,1195647000,None,1195646000,26946000,20987000,1462364000,226957000,34561000,96976000,None,23450000,1235407000,104563000,1143308000,None,1143308000,1143308000,76531000,6425000,853150000,None,-603328000,318000,314543000,NET
2021-06-30,USD,1445932000,1145953000,247551000,1033542000,None,75853000,299979000,156719000,109078000,18567000,1400000,17167000,792991000,None,785991000,31309000,16990000,644836000,200476000,29558000,84557000,None,20031000,444360000,46967000,401428000,None,401428000,401428000,71058000,11268000,801096000,None,-495993000,309000,308263000,NET
2021-03-31,USD,1405526000,1139868000,187476000,1035224000,None,71240000,265658000,135795000,96017000,19267000,2100000,17167000,847748000,None,847748000,29744000,13209000,601486000,168146000,20475000,71482000,None,17990000,433340000,43617000,392246000,None,392246000,392246000,63263000,10403000,804040000,None,-460483000,307000,305947000,NET
2020-12-31,USD,1380651000,1129954000,108895000,1032096000,None,63499000,250697000,123688000,82608000,19967000,2800000,17167000,948195000,None,923201000,10295000,13058000,563711000,141377000,14485000,56836000,None,37000,422334000,45026000,383275000,0,383275000,383275000,71910000,9859000,816940000,None,-420520000,304000,303212000,NET
2020-09-30,USD,1371225000,1127379000,111959000,1051297000,None,48783000,243879000,122423000,93423000,20700000,3500000,17200000,939338000,None,939338000,5924000,11276000,544778000,131004000,16995000,50072000,17265000,17265000,413774000,46940000,374511000,17265000,374511000,374511000,48309000,7951000,826447000,None,-386499000,302000,301689000,NET
2020-06-30,USD,1364055000,1132124000,313983000,1069091000,None,43646000,231964000,114549000,83758000,21400000,4200000,17200000,809097000,None,755108000,3658000,7138000,528437000,120747000,17278000,45018000,17239000,17239000,407690000,48108000,365949000,17239000,365949000,365949000,42811000,9273000,835618000,None,-360031000,300000,299321000,NET
2020-03-31,USD,858531000,647604000,109063000,587854000,None,39778000,210927000,100174000,75237000,21299000,4900000,16399000,527854000,None,478791000,3215000,4202000,152179000,108284000,14301000,38092000,17009000,17009000,43895000,50804000,None,17009000,None,50804000,39878000,9104000,706352000,None,-333896000,297000,295463000,NET
2019-12-31,USD,830824000,689872000,138976000,636948000,None,33867000,140952000,101466000,67189000,4114000,31000,4083000,586121000,None,497972000,3308000,3528000,104996000,83883000,11463000,31647000,None,None,12949000,10506000,None,0,0,10506000,41577000,9803000,725828000,None,-301706000,294000,300173147,NET
2019-09-30,USD,839847000,695678000,501706000,645105000,None,32205000,144169000,92485000,58885000,4145000,62000,4083000,159568000,16169000,143399000,2190000,3569000,99449000,77139000,9517000,30651000,37000,37000,14176000,10501000,None,37000,None,10538000,37750000,10993000,740398000,None,-273551000,294000,300147000,NET
2023-12-31,USD,16282000000,1720000000,490000000,490000000,146000000,1017000000,15779000000,76000000,523000000,12976000000,2745000000,10231000000,None,176000000,None,1055000000,1476000000,13864000000,2563000000,62000000,1744000000,175000000,191000000,12370000000,44000000,9256000000,175000000,9081000000,9256000000,580000000,639000000,2418000000,None,-103000000,2502000000,637000000,GEN
2023-09-30,USD,16411000000,1076000000,629000000,629000000,22000000,243000000,17228000000,75000000,521000000,13058000000,2859000000,10199000000,None,176000000,None,278000000,2163000000,13997000000,2460000000,66000000,1672000000,175000000,194000000,12610000000,50000000,9508000000,175000000,9333000000,9508000000,540000000,631000000,2414000000,None,-247000000,2655000000,641000000,GEN
2023-06-30,USD,15787000000,1087000000,623000000,623000000,22000000,231000000,15792000000,73000000,515000000,13223000000,2982000000,10241000000,None,176000000,None,297000000,1366000000,13450000000,2748000000,65000000,1709000000,233000000,257000000,11232000000,51000000,9560000000,233000000,9327000000,9560000000,735000000,44000000,2337000000,None,-396000000,2697000000,639000000,GEN
2023-03-31,USD,15947000000,1233000000,750000000,750000000,31000000,291000000,15736000000,76000000,509000000,13314000000,3097000000,10217000000,None,176000000,0,284000000,1281000000,13747000000,2849000000,77000000,1788000000,233000000,259000000,11407000000,57000000,9762000000,233000000,9529000000,9762000000,703000000,43000000,2200000000,None,-585000000,2800000000,640000000,GEN
2022-12-31,USD,15503000000,1376000000,812000000,812000000,30000000,374000000,14496000000,104000000,538000000,13336000000,3212000000,10124000000,None,182000000,0,366000000,638000000,14193000000,2878000000,75000000,1729000000,233000000,259000000,11929000000,64000000,10064000000,233000000,9831000000,10064000000,795000000,46000000,1310000000,None,-1500000000,2838000000,639000000,GEN
2022-09-30,USD,15882000000,1622000000,1095000000,1095000000,30000000,318000000,14627000000,108000000,527000000,13458000000,3332000000,10126000000,None,182000000,0,345000000,644000000,14184000000,2825000000,66000000,1684000000,175000000,199000000,11954000000,65000000,10058000000,175000000,9883000000,10058000000,852000000,43000000,1698000000,None,-1665000000,3378000000,661000000,GEN
2022-06-30,USD,6247000000,1629000000,1291000000,1291000000,56000000,None,4618000000,56000000,516000000,3854000000,993000000,2861000000,None,178000000,0,180000000,638000000,6546000000,2624000000,71000000,None,None,633000000,3922000000,88000000,3328000000,614000000,2714000000,3416000000,689000000,43000000,-299000000,None,-1734000000,1479000000,571000000,GEN
2022-03-31,USD,6943000000,2260000000,1887000000,1891000000,56000000,155000000,5059000000,60000000,515000000,3896000000,1023000000,2873000000,None,178000000,4000000,193000000,653000000,7036000000,3065000000,63000000,1306000000,1000000000,1018000000,4527000000,93000000,3736000000,1000000000,2736000000,3736000000,639000000,47000000,-93000000,None,-1940000000,1851000000,582000000,GEN
2021-12-31,USD,6873000000,2157000000,1771000000,1781000000,58000000,187000000,5077000000,63000000,518000000,3930000000,1054000000,2876000000,20000000,176000000,10000000,205000000,643000000,6971000000,2883000000,83000000,1257000000,1086000000,1106000000,4659000000,101000000,3843000000,1086000000,2757000000,3843000000,405000000,53000000,-98000000,None,-2060000000,1940000000,582000000,GEN
2021-09-30,USD,6733000000,1950000000,1526000000,1541000000,58000000,None,4783000000,67000000,515000000,3960000000,1064000000,2896000000,None,185000000,15000000,243000000,663000000,6965000000,2814000000,81000000,None,None,1093000000,4151000000,108000000,3852000000,1073000000,2779000000,3960000000,409000000,56000000,-232000000,None,-2262000000,1996000000,582000000,GEN
2021-06-30,USD,6565000000,1786000000,1230000000,1245000000,238000000,None,4779000000,71000000,554000000,3959000000,1096000000,2863000000,None,None,15000000,198000000,678000000,7062000000,2221000000,76000000,None,None,462000000,4841000000,None,3860000000,438000000,3422000000,3944000000,441000000,55000000,-497000000,None,-2595000000,2049000000,581000000,GEN
2021-03-31,USD,6361000000,1538000000,933000000,951000000,233000000,213000000,5208000000,78000000,555000000,3983000000,1116000000,2867000000,None,None,18000000,237000000,686000000,6861000000,2136000000,52000000,1265000000,313000000,339000000,5290000000,None,3601000000,313000000,3288000000,3601000000,428000000,60000000,-500000000,None,-2776000000,2229000000,580000000,GEN
2020-12-31,USD,6357000000,1848000000,1046000000,1073000000,270000000,None,4509000000,70000000,553000000,3605000000,999000000,2606000000,None,None,27000000,394000000,754000000,6849000000,1821000000,67000000,None,None,87000000,5028000000,None,3605000000,63000000,3542000000,3702000000,491000000,71000000,-492000000,None,-2970000000,2420000000,587000000,GEN
2020-09-30,USD,6313000000,1792000000,1009000000,1049000000,270000000,None,4521000000,75000000,548000000,3616000000,1020000000,2596000000,None,None,40000000,377000000,745000000,6789000000,1748000000,66000000,None,None,75000000,5041000000,None,3603000000,47000000,3556000000,3712000000,499000000,68000000,-476000000,None,-3148000000,2650000000,592000000,GEN
2020-06-30,USD,6405000000,1950000000,1073000000,1131000000,434000000,None,4455000000,88000000,592000000,3630000000,1042000000,2588000000,None,None,58000000,364000000,675000000,6908000000,2548000000,60000000,None,None,789000000,4360000000,None,3604000000,763000000,2841000000,3691000000,600000000,67000000,-503000000,None,-3212000000,2713000000,591000000,GEN
2020-03-31,USD,7735000000,3079000000,2177000000,2263000000,270000000,None,4656000000,238000000,840000000,3652000000,1067000000,2585000000,None,None,86000000,435000000,678000000,7725000000,2622000000,87000000,None,None,784000000,5103000000,None,4221000000,756000000,3465000000,4322000000,587000000,79000000,10000000,None,-3330000000,3356000000,589000000,GEN
2019-12-31,USD,18547000000,13571000000,12649000000,12768000000,221000000,None,4976000000,365000000,931000000,3795000000,1119000000,2676000000,None,None,119000000,411000000,709000000,9870000000,4713000000,157000000,None,None,781000000,5157000000,None,4468000000,749000000,3719000000,4592000000,2604000000,67000000,8677000000,None,3812000000,4853000000,614000000,GEN
2019-09-30,USD,16229000000,9760000000,1697000000,1831000000,7047000000,None,6469000000,676000000,1155000000,3821000000,1146000000,2675000000,None,None,134000000,289000000,1818000000,10117000000,5056000000,120000000,None,None,1281000000,5061000000,None,4464000000,1245000000,3219000000,4637000000,514000000,72000000,6112000000,None,1298000000,4816000000,623000000,GEN
2019-07-05,USD,15369000000,2561000000,1532000000,1694000000,None,None,12808000000,784000000,1358000000,10586000000,2137000000,8449000000,None,None,162000000,429000000,1255000000,10119000000,3608000000,135000000,None,None,539000000,6511000000,None,4458000000,494000000,3964000000,4666000000,525000000,70000000,5250000000,None,561000000,4701000000,617000000,GEN
2019-03-31,USD,15938000000,3186000000,1791000000,2043000000,None,None,12752000000,663000000,1021000000,3879000000,1202000000,2677000000,536000000,32000000,252000000,286000000,1160000000,10200000000,3766000000,165000000,None,None,491000000,6434000000,None,4452000000,491000000,3961000000,4452000000,524000000,78000000,5738000000,None,933000000,4812000000,630000000,GEN
2018-12-31,USD,16456000000,3724000000,2309000000,2579000000,None,None,12732000000,791000000,1283000000,10673000000,2329000000,8344000000,591000000,51000000,270000000,422000000,1268000000,10550000000,3643000000,201000000,None,None,598000000,6907000000,None,5045000000,598000000,4447000000,5045000000,404000000,78000000,5906000000,None,1116000000,4804000000,639000000,GEN
2018-09-30,USD,16234000000,3418000000,2147000000,2436000000,None,None,12816000000,778000000,1240000000,10761000000,2433000000,8328000000,652000000,74000000,289000000,445000000,1277000000,10284000000,3411000000,158000000,None,None,597000000,6873000000,None,5039000000,597000000,4442000000,5039000000,378000000,80000000,5950000000,None,1100000000,4867000000,632000000,GEN
2018-06-30,USD,16248000000,3328000000,2001000000,2325000000,None,None,12915000000,758000000,1226000000,10854000000,2532000000,8322000000,756000000,108000000,324000000,501000000,1308000000,10330000000,2875000000,170000000,None,None,165000000,7452000000,None,5032000000,None,5032000000,5032000000,403000000,83000000,5918000000,None,1158000000,4780000000,631000000,GEN
2018-03-31,USD,16574000000,3494000000,1774000000,1774000000,None,None,12267000000,None,None,2643000000,2643000000,8319000000,None,None,388000000,506000000,1333000000,10612000000,3153000000,None,None,None,260000000,7552000000,None,None,None,None,5026000000,370000000,None,5056000000,None,1267000000,4691000000,621000000,GEN
2017-12-31,USD,15980000000,3567000000,2142000000,2532000000,None,None,12413000000,838000000,None,11072000000,2754000000,8318000000,1112000000,332000000,390000000,369000000,171000000,11022000000,3101000000,181000000,None,None,401000000,7921000000,None,5587000000,0,5587000000,5587000000,368000000,86000000,4958000000,None,436000000,4507000000,621351000,GEN
2017-09-30,USD,15996000000,3687000000,1826000000,2026000000,746000000,None,12309000000,868000000,None,11148000000,2847000000,8301000000,559000000,159000000,200000000,401000000,134000000,12461000000,3287000000,187000000,None,None,130000000,9174000000,None,6209000000,130000000,6079000000,6209000000,397000000,103000000,3535000000,None,-906000000,4434000000,615000000,GEN
2017-06-30,USD,15868000000,3173000000,2306000000,2306000000,None,None,12695000000,895000000,None,11530000000,2892000000,8638000000,158000000,158000000,None,399000000,112000000,12479000000,3121000000,121000000,None,None,228000000,9358000000,None,6202000000,0,6202000000,6202000000,443000000,98000000,3389000000,None,-894000000,4273000000,610991000,GEN
2017-03-31,USD,18174000000,5324000000,4247000000,4256000000,None,None,12850000000,937000000,1118000000,11631000000,3004000000,8627000000,158000000,158000000,9000000,419000000,282000000,14687000000,4622000000,180000000,None,None,1310000000,10065000000,None,8186000000,1310000000,6876000000,8186000000,507000000,103000000,3487000000,None,-761000000,4236000000,608019000,GEN
2016-12-31,USD,16760000000,6511000000,5575000000,5575000000,None,None,10249000000,893000000,None,9094000000,1867000000,7227000000,158000000,158000000,None,379000000,104000000,12811000000,3605000000,143000000,None,None,780000000,9206000000,None,7138000000,780000000,6358000000,7138000000,352000000,83000000,3949000000,None,-618000000,4564000000,618535000,GEN
2016-09-30,USD,16864000000,6469000000,5610000000,5619000000,None,None,10395000000,933000000,None,9193000000,1961000000,7232000000,159000000,159000000,9000000,391000000,110000000,13002000000,3509000000,139000000,None,None,600000000,9493000000,None,7176000000,600000000,6576000000,7176000000,371000000,89000000,3862000000,None,-664000000,4527000000,623348000,GEN
2016-06-30,USD,11530000000,6799000000,6108000000,6118000000,None,None,4731000000,904000000,None,3569000000,423000000,3146000000,None,None,10000000,367000000,101000000,7764000000,3322000000,115000000,None,None,599000000,4442000000,None,3204000000,599000000,2605000000,3204000000,333000000,85000000,3766000000,None,-520000000,4289000000,615588000,GEN
2016-03-31,USD,11767000000,6959000000,5983000000,6025000000,None,None,4808000000,957000000,1005000000,3591000000,443000000,3148000000,157000000,157000000,42000000,420000000,103000000,8091000000,4033000000,175000000,None,None,1160000000,4058000000,None,2207000000,0,2207000000,2207000000,419000000,97000000,3676000000,None,-655000000,4309000000,612000000,GEN
2015-12-31,USD,11936000000,7173000000,2213000000,2269000000,4225000000,None,4763000000,986000000,None,3610000000,464000000,3146000000,None,None,56000000,189000000,156000000,6542000000,3827000000,241000000,None,None,203000000,2715000000,None,None,0,1740000000,1740000000,271000000,70000000,5394000000,None,73000000,7000000,657000000,GEN
2015-09-30,USD,12460000000,4664000000,2361000000,2621000000,319000000,None,7796000000,1262000000,None,6419000000,572000000,5847000000,None,None,260000000,250000000,101000000,6568000000,3729000000,326000000,None,None,289000000,2839000000,None,None,0,1740000000,1740000000,348000000,81000000,5892000000,None,3000000,7000000,680000000,GEN
2015-06-30,USD,12784000000,5022000000,2736000000,3639000000,267000000,None,7762000000,1201000000,None,6445000000,596000000,5849000000,None,None,903000000,267000000,96000000,6888000000,4064000000,184000000,None,None,348000000,2824000000,None,None,348000000,1741000000,2089000000,348000000,94000000,5896000000,None,-153000000,7000000,684000000,GEN
2015-03-31,USD,13233000000,5422000000,2843000000,3860000000,283000000,None,7811000000,950000000,887000000,3671000000,525000000,3146000000,10000000,10000000,1017000000,295000000,70000000,7298000000,4453000000,169000000,None,None,350000000,2845000000,None,2096000000,350000000,1746000000,2096000000,292000000,79000000,5935000000,None,-270000000,7000000,684000000,GEN
2014-12-31,USD,13102000000,5255000000,2734000000,3710000000,12000000,None,7847000000,1186000000,1747000000,6523000000,669000000,5854000000,None,None,976000000,258000000,113000000,7192000000,4233000000,212000000,None,None,350000000,2959000000,None,None,350000000,1745000000,2095000000,328000000,83000000,5910000000,None,-446000000,7000000,689000000,GEN
2014-09-30,USD,12883000000,5038000000,2972000000,3793000000,11000000,None,7845000000,1181000000,1857000000,6550000000,690000000,5860000000,None,None,821000000,249000000,90000000,6986000000,4045000000,219000000,None,None,350000000,2941000000,None,None,350000000,1745000000,2095000000,292000000,82000000,5897000000,None,-668000000,7000000,690000000,GEN
2014-06-30,USD,13164000000,5288000000,3067000000,4049000000,11000000,None,7876000000,1140000000,1853000000,6606000000,735000000,5871000000,None,None,982000000,276000000,112000000,7326000000,3979000000,230000000,None,None,333000000,3347000000,None,None,None,2095000000,2095000000,275000000,86000000,5838000000,None,-912000000,7000000,692000000,GEN
2014-03-31,USD,13539000000,5652000000,3695000000,4072000000,14000000,None,7887000000,1116000000,1823000000,3919000000,768000000,3151000000,None,None,377000000,304000000,124000000,7742000000,4306000000,282000000,None,None,365000000,3436000000,None,2100000000,0,2095000000,2095000000,337000000,83000000,5797000000,None,-1148000000,7000000,695000000,GEN
2013-12-31,USD,13258000000,5316000000,3813000000,3890000000,13000000,None,7942000000,1110000000,1772000000,6665000000,809000000,5856000000,None,None,77000000,245000000,138000000,7500000000,4149000000,306000000,None,None,338000000,3351000000,None,None,None,2094000000,2094000000,418000000,74000000,5758000000,None,-1316000000,7000000,696000000,GEN
2013-09-30,USD,12914000000,4970000000,3727000000,3832000000,16000000,None,7944000000,1091000000,1734000000,6711000000,852000000,5859000000,None,None,105000000,261000000,114000000,7257000000,3907000000,249000000,None,None,312000000,3350000000,None,None,None,2094000000,2094000000,343000000,62000000,5657000000,None,-1599000000,7000000,699000000,GEN
2013-06-30,USD,13151000000,5179000000,3749000000,3783000000,17000000,None,7972000000,1102000000,1820000000,6731000000,890000000,5841000000,None,None,34000000,329000000,109000000,7654000000,4205000000,274000000,None,None,321000000,3449000000,None,None,None,2094000000,2094000000,318000000,65000000,5497000000,None,-1840000000,7000000,697000000,GEN
2013-03-31,USD,14508000000,6416000000,4685000000,4747000000,24000000,None,8064000000,1122000000,1853000000,6818000000,977000000,5841000000,None,None,62000000,315000000,123000000,9032000000,5567000000,334000000,None,None,997000000,3396000000,None,3100000000,None,2094000000,3091000000,318000000,60000000,5476000000,None,-2096000000,7000000,698000000,GEN
2012-12-31,USD,13962000000,5816000000,4200000000,4252000000,20000000,None,8146000000,1130000000,1807000000,6908000000,1065000000,5843000000,None,None,52000000,270000000,108000000,8806000000,5482000000,317000000,None,None,982000000,3324000000,None,None,None,2094000000,3076000000,431000000,60000000,5156000000,None,-2285000000,7000000,693000000,GEN
2012-09-30,USD,13463000000,5206000000,4002000000,4007000000,23000000,None,8257000000,1114000000,1765000000,6997000000,1155000000,5842000000,None,None,5000000,244000000,146000000,8360000000,5008000000,278000000,None,None,968000000,3352000000,None,None,None,2093000000,3061000000,336000000,75000000,5088000000,None,-2494000000,7000000,702000000,GEN
2012-06-30,USD,13556000000,5219000000,4082000000,4111000000,27000000,None,8337000000,1106000000,1709000000,7086000000,1244000000,5842000000,None,None,29000000,262000000,145000000,8474000000,5114000000,326000000,None,None,955000000,3360000000,None,None,None,2093000000,3048000000,311000000,84000000,5002000000,None,-2687000000,7000000,716000000,GEN
2012-03-31,USD,13020000000,4633000000,3162000000,3211000000,28000000,None,8387000000,1100000000,1663000000,7163000000,1337000000,5826000000,None,None,49000000,249000000,124000000,7848000000,4505000000,324000000,None,None,416000000,3343000000,None,None,None,2039000000,2039000000,321000000,94000000,5094000000,None,109000000,7000000,724000000,GEN
2011-12-31,USD,12183000000,3886000000,2327000000,51000000,32000000,None,8297000000,1050000000,1586000000,7104000000,1379000000,5725000000,None,None,53000000,243000000,143000000,7448000000,4169000000,268000000,None,None,459000000,3279000000,None,None,None,2025000000,2025000000,282000000,80000000,4649000000,None,-3418000000,7000000,734000000,GEN
2011-09-30,USD,11835000000,3433000000,2215000000,270000000,28000000,None,8402000000,1043000000,1612000000,7209000000,1477000000,5732000000,None,None,38000000,240000000,150000000,7197000000,3895000000,304000000,None,None,377000000,3302000000,None,None,None,2012000000,2012000000,252000000,78000000,4553000000,None,-3658000000,8000000,745000000,GEN
2011-06-30,USD,12023000000,3484000000,2290000000,2297000000,28000000,None,8539000000,1040000000,1581000000,7330000000,1591000000,5739000000,None,None,7000000,258000000,155000000,7379000000,4051000000,260000000,None,None,350000000,3328000000,None,None,None,1999000000,1999000000,261000000,79000000,4564000000,None,-3840000000,8000000,755000000,GEN
2011-03-31,USD,12719000000,4486000000,2950000000,8000000000,30000000,None,8233000000,1050000000,1530000000,7005000000,1511000000,5494000000,None,None,8000000,262000000,151000000,8114000000,4893000000,260000000,None,None,596000000,3221000000,None,None,None,1987000000,2583000000,273000000,79000000,4528000000,None,-4012000000,8000000,758000000,GEN
2010-12-31,USD,12163000000,3893000000,2445000000,2452000000,32000000,None,8270000000,1019000000,1460000000,7107000000,1628000000,5479000000,None,None,7000000,234000000,108000000,7622000000,4584000000,259000000,None,None,587000000,3038000000,None,None,None,1974000000,2561000000,312000000,60000000,4455000000,None,-90822000,8000000,770000000,GEN
2010-09-30,USD,11819000000,3443000000,2256000000,2264000000,23000000,None,8376000000,1009000000,1433000000,7209000000,1724000000,5485000000,None,None,8000000,278000000,111000000,7230000000,4234000000,257000000,None,None,578000000,2996000000,None,None,None,497000000,2540000000,308000000,60000000,4505000000,None,-101663000,8000000,782000000,GEN
2010-06-30,USD,10866000000,3755000000,2726000000,2739000000,22000000,None,7111000000,935000000,1345000000,6032000000,1172000000,4860000000,None,None,13000000,249000000,93000000,6328000000,4530000000,213000000,None,None,1044000000,1798000000,None,None,None,None,853000000,293000000,53000000,4538000000,None,-4448000000,8000000,796000000,GEN
2010-03-31,USD,11232000000,4351000000,3029000000,3044000000,25000000,None,6881000000,949000000,1299000000,5784000000,1179000000,4605000000,None,None,15000000,250000000,90000000,6684000000,3771000000,214000000,None,None,384000000,2913000000,None,None,None,1871000000,1871000000,338000000,50000000,4548000000,None,-4609000000,8000000,798000000,GEN
2010-12-31,USD,10949000000,3944000000,2593000000,2611000000,24000000,None,8270000000,990000000,None,5888000000,1282000000,4606000000,None,None,18000000,224000000,67000000,6529000000,3600000000,198000000,None,None,587000000,3038000000,None,None,None,None,2561000000,333000000,51000000,4420000000,None,-90822000,8000000,809000000,GEN
2009-09-30,USD,10611000000,3493000000,2314000000,2332000000,23000000,None,7118000000,994000000,None,5976000000,1380000000,4596000000,None,None,18000000,272000000,70000000,6410000000,3373000000,218000000,None,None,331000000,3037000000,None,None,None,None,1818000000,304000000,65000000,4201000000,None,-5101000000,8000000,812000000,GEN
2009-06-30,USD,10529000000,3306000000,2192000000,2216000000,24000000,None,7223000000,985000000,None,6075000000,1486000000,4589000000,None,None,24000000,279000000,73000000,6417000000,3392000000,226000000,None,None,311000000,3025000000,None,None,None,None,1792000000,274000000,78000000,4112000000,None,-5251000000,8000000,816000000,GEN
2024-01-31,USD,8989000000,2980000000,334000000,2202000000,None,579000000,6015000000,48000000,62000000,5588000000,182000000,5406000000,None,None,1868000000,84000000,48000000,3101000000,1782000000,12000000,1511000000,None,31000000,1335000000,143000000,1154000000,None,1154000000,1154000000,115000000,30000000,5888000000,None,-2830000000,None,166028000,OKTA
2023-10-31,USD,8740000000,2727000000,400000000,2130000000,104000000,435000000,6019000000,50000000,None,5603000000,197000000,5406000000,None,None,1730000000,75000000,49000000,3010000000,1543000000,11000000,1274000000,None,275724000,1467000000,119000000,1302000000,None,1302000000,1302000000,108000000,28000000,5730000000,None,-2786000000,None,164381000,OKTA
2023-07-31,USD,8713000000,2686000000,356000000,2106000000,101000000,403000000,6034000000,49000000,None,5617000000,211000000,5406000000,None,None,1750000000,91000000,51000000,3073000000,1456000000,13000000,1242000000,None,217782000,1617000000,122000000,1451000000,None,1451000000,1451000000,95000000,27000000,5640000000,None,-2705000000,None,162755000,OKTA
2023-04-30,USD,8900000000,2843000000,125000000,2370000000,95000000,305000000,6065000000,54000000,None,5633000000,227000000,5406000000,None,None,2245000000,88000000,48000000,3366000000,1362000000,10000000,1187000000,None,None,2004000000,134000000,1831000000,None,1831000000,1831000000,91000000,25000000,5534000000,None,-2594000000,None,161323000,OKTA
2023-01-31,USD,9307000000,3229000000,264000000,2580000000,92000000,491000000,6085000000,59000000,48000000,5641000000,241000000,5400000000,None,None,2316000000,76000000,46000000,3841000000,1465000000,12000000,1260000000,None,32000000,2388000000,142000000,2193000000,0,2193000000,2193000000,112000000,23000000,5466000000,None,-2475000000,None,160060000,OKTA
2022-10-31,USD,9093736000,3006937000,250000000,2473538000,None,389654000,6093984000,60884000,None,5662100000,261825000,5400275000,None,None,2223538000,153021000,43462000,3686124000,1309446000,49122000,1062455000,5217000,5217000,2376678000,148906000,2196764000,5217000,2191547000,2196764000,100086000,18392000,5408000000,None,-2322093000,16000,158708000,OKTA
2022-07-31,USD,9074007000,2945502000,216000000,2476956000,1,330677000,6135991000,66958000,None,5681770000,281470000,5400300000,None,None,2260956000,145147000,46553000,3620991000,1236585000,43708000,1011284000,5209000,5209000,2384406000,158577000,2195319000,5209000,2190110000,2195319000,106477000,18532000,5453000000,None,-2113196000,16000,157400000,OKTA
2022-04-30,USD,9045681000,2898643000,194000000,2486902000,None,266311000,6154548000,66418000,None,5700166000,298823000,5401343000,2377062000,None,2292902000,152603000,47233000,3572987000,1185275000,33752000,971264000,5198000,5198000,2387712000,163868000,2193873000,5198000,2188675000,2193873000,110928000,16095000,5473000000,None,-1902724000,16000,155875000,OKTA
2022-01-31,USD,9206000000,3041000000,260000000,2502000000,None,403509000,6172529000,65000000,35000000,5718000000,317000000,5401000000,2393880000,None,2242000000,141333000,43000000,3284000000,1243000000,20000000,996222000,16194000,16194000,2050449000,197131000,1831908000,16194000,1815714000,1831908000,90000000,31000000,5922000000,None,-1815867000,16000,154798000,OKTA
2021-10-31,USD,8996973000,2852868000,372372000,2482059000,None,261268000,6153665000,60751000,None,5737697000,336354000,5401343000,2350858000,None,2109687000,117241000,45480000,3012418000,988166000,11547000,777872000,15956000,15956000,2024252000,179205000,1809926000,15956000,1793970000,1809926000,91516000,33119000,5984555000,None,-1574681000,16000,153756000,OKTA
2021-07-31,USD,8932095000,2877158000,225265000,2468903000,None,246878000,6064597000,61858000,None,5675902000,337786000,5338116000,2302184000,None,2243638000,169777000,41014000,2889905000,912534000,9414000,737297000,15723000,15723000,1977371000,171141000,1788234000,15723000,1772511000,1788234000,80463000,18230000,6042190000,None,-1353370000,16000,151357000,OKTA
2021-04-30,USD,3430447000,3012139000,659886000,2690066000,None,227974000,427776000,62515000,None,72213000,24190000,48023000,2218779000,None,2030180000,103599000,28020000,2747669000,800461000,9542000,624912000,20781000,20781000,1947208000,173467000,1772107000,20781000,1751326000,1772107000,108727000,10670000,682778000,None,-1076688000,14000,131777000,OKTA
2021-01-31,USD,3298797000,2878567000,435000000,2556584000,None,205318000,429700000,62783000,22269000,75009000,27009000,48000000,2432841000,None,2121584000,127558000,24256000,2604754000,1545614000,8557000,513598000,908684000,908684000,1063017000,202921000,1766071000,908684000,857387000,1766071000,53729000,11375000,693000000,None,-967456000,13000,130182000,OKTA
2020-10-31,USD,3170279000,2757539000,409769000,2495142000,None,150373000,424237000,62405000,None,76953000,28953000,48000000,2420965000,None,2085373000,122924000,24355000,2489631000,573940000,5114000,432114000,35131000,35131000,1915691000,185860000,1744908000,35131000,1709777000,1744908000,47330000,12705000,680648000,None,-891650000,13000,128813000,OKTA
2020-07-31,USD,3115015000,2706935000,957234000,2514513000,None,118140000,419773000,63406000,None,78054000,30031000,48023000,2415200000,None,1557279000,81882000,22283000,2429818000,533580000,4726000,396820000,43578000,43578000,1896238000,189208000,1733016000,43578000,1689438000,1733016000,54803000,12018000,685197000,None,-818886000,13000,126319000,OKTA
2020-04-30,USD,2037007000,1633523000,619221000,1446777000,None,111039000,416302000,61914000,None,79055000,31032000,48023000,1330770000,None,827556000,75707000,20482000,1623911000,570388000,8021000,398191000,102198000,102198000,1053523000,194889000,948060000,102198000,845862000,948060000,36601000,6702000,413096000,None,-758786000,13000,123494000,OKTA
2020-01-31,USD,1955395000,1599725000,520048000,1403024000,None,130115000,367085000,53535000,16409000,80552000,32529000,48023000,882976000,None,882976000,66586000,18505000,1550051000,546963000,3837000,371450000,112767000,100703000,1004646000,166575000,937705000,100703000,837002000,937705000,36887000,5361000,405000000,None,-701124000,12000,122638000,OKTA
2019-10-31,USD,1870777000,1526600000,1039626000,1366255000,None,101778000,355615000,51730000,None,81790000,33826000,47964000,1315658000,None,326629000,58567000,18445000,1472383000,478394000,4924000,313756000,99227000,99227000,993989000,153960000,927464000,99227000,828237000,927464000,33288000,4779000,398394000,None,-650652000,12000,121131000,OKTA
2019-07-31,USD,1026810000,697020000,206753000,557465000,None,87851000,341228000,51858000,None,82676000,34712000,47964000,471865000,None,350712000,51704000,18990000,776085000,620669000,3492000,291193000,279741000,279741000,155416000,143706000,279741000,279741000,None,279741000,31843000,4241000,250725000,None,-587157000,12000,116748000,OKTA
2019-04-30,USD,998542000,676929000,208106000,547483000,None,83328000,213134000,52189000,None,75986000,28022000,47964000,339377000,None,339377000,46118000,16698000,759098000,601913000,4352000,None,275653000,275653000,11141000,146044000,275653000,275653000,None,275653000,32412000,3470000,239444000,None,-544177000,11000,114139000,OKTA
2019-01-31,USD,984313000,708116000,298394000,563768000,None,91926000,166442000,52921000,9642000,31997000,13897000,18100000,265374000,None,265374000,53636000,15089000,731936000,573104000,2431000,254390000,271628000,271628000,83747000,None,271628000,271628000,0,271628000,33653000,3018000,252377000,None,-492211000,11000,112152181,OKTA
2018-10-31,USD,796709000,658114000,195898000,546003000,None,70136000,147170000,44251000,None,33089000,14989000,18100000,350105000,None,350105000,41975000,13525000,552206000,244786000,12085000,None,None,None,307420000,None,267665000,None,267665000,267665000,6305000,34778000,244503000,None,-461400000,11000,110346000,OKTA
2018-07-31,USD,763917000,633376000,192882000,536256000,None,59839000,95814000,40670000,None,34101000,16006000,18095000,343374000,None,343374000,37281000,12483000,518772000,218140000,12577000,None,None,263762000,295161000,None,263762000,263762000,263762000,263762000,6333000,31399000,245145000,None,-431883000,11000,108994000,OKTA
2018-04-30,USD,726904000,636163000,211756000,547041000,None,50368000,58247000,19176000,None,18163000,11863000,6300000,335285000,None,335285000,38754000,12343000,477287000,202926000,11830000,None,None,259920000,270015000,None,259920000,259920000,259920000,259920000,4896000,10095000,249617000,None,-392676000,11000,106492000,OKTA
2018-01-31,USD,399263000,317498000,127949000,229714000,None,52248000,60265000,12540000,8115000,18043000,11761000,6282000,101765000,None,101765000,33454000,10427000,199923000,187943000,9566000,168634000,None,18237000,18061000,None,None,0,0,None,6187000,7017000,199340000,None,-402468000,10000,103970898,OKTA
2017-10-31,USD,337157000,294672000,137575000,223618000,None,46882000,42772000,13122000,None,17755000,11455000,6300000,86043000,None,86043000,24172000,2463000,180702000,170961000,12875000,141648000,None,None,9741000,None,None,None,None,None,4955000,6553000,156455000,None,-377790000,10000,101371458,OKTA
2017-07-31,USD,316227000,274686000,126464000,213219000,None,35304000,41559000,13302000,None,17351000,11051000,6300000,86755000,None,86755000,26163000,1658000,163358000,152799000,9848000,131326000,None,None,10559000,None,None,None,None,None,4399000,6451000,152869000,None,-344012000,10000,95487786,OKTA
2017-04-30,USD,320230000,279799000,221726000,224226000,None,32171000,40449000,13180000,None,16135000,9835000,6300000,2500000,None,2500000,23402000,1671000,154311000,143061000,15909000,120644000,None,None,11250000,None,None,None,None,None,4822000,6323000,165919000,None,-317010000,9000,95224878,OKTA
2023-12-31,USD,9900037000,1804855000,489468000,1236453000,None,724302000,9504686000,1825944000,2880353000,3386613000,536143000,2850470000,3587843000,2840858000,746985000,41969000,124340000,5302882000,836038000,146927000,130550000,None,222944000,4466844000,997750000,3538229000,None,3538229000,3538229000,6442000,106181000,4597155000,None,2467980000,1512000,151232908,AKAM
2023-09-30,USD,9582088000,1867381000,459907000,1414585000,None,713382000,7116884000,2670041000,None,3308223000,465203000,2843020000,3352007000,2397329000,954678000,214737000,122395000,5257884000,810491000,144466000,151385000,None,205090000,4447393000,965743000,3536342000,None,3536342000,3536342000,7187000,102472000,4324204000,603632000,2306815000,1583000,150955849,AKAM
2023-06-30,USD,8345965000,1718472000,298612000,1282185000,1,698445000,5109497000,1746081000,None,3285724000,437257000,2848467000,1460869000,477296000,983573000,229468000,124756000,4056798000,860774000,194493000,165757000,20000000,237224000,3196024000,975526000,2307481000,20000000,2287481000,2307481000,21184000,104253000,4289167000,490403000,2146273000,1580000,151790861,AKAM
2023-03-31,USD,8183333000,1697711000,298800000,1204703000,None,705817000,5109839000,1654608000,None,3214092000,432233000,2781859000,1483427000,577524000,905903000,239981000,133208000,4011992000,836253000,202129000,164681000,None,205055000,3175739000,940863000,2286369000,None,2286369000,2286369000,31218000,109369000,4171341000,351772000,2017457000,1573000,152743828,AKAM
2022-12-31,USD,8303400000,1969562000,542337000,1667624000,1,679206000,6636295000,1540182000,2560625000,3205554000,441716000,2763838000,1748275000,622988000,1125287000,14999000,116522000,3943213000,818868000,145420000,127226000,None,196094000,3124345000,889359000,2285258000,0,2285258000,2285258000,5228000,105305000,4360187000,0,1920351000,1565000,156494816,AKAM
2022-09-30,USD,8136481000,1695573000,457816000,864148000,None,622027000,4891368000,1520428000,None,3208399000,455030000,2753369000,1300420000,488526000,406332000,209398000,105317000,3855241000,753011000,119051000,132082000,None,187776000,3121174000,869183000,2284147000,None,2284147000,2284147000,7181000,95184000,4281240000,430269000,1791589000,1622000,157876611,AKAM
2022-06-30,USD,8230752000,1566157000,426710000,690689000,1,668425000,5103022000,1541875000,None,3240535000,476707000,2763828000,1168016000,640668000,263979000,207043000,131689000,3917758000,817084000,131649000,137219000,75000000,261945000,3113492000,865976000,2358037000,75000000,2283037000,2358037000,5317000,86609000,4312994000,267642000,1667895000,1620000,159469828,AKAM
2022-03-31,USD,8312389000,1464483000,377811000,506869000,None,718793000,5259463000,1579833000,None,3258070000,512188000,2745882000,1044057000,786712000,129058000,238821000,128855000,3997654000,869265000,122934000,169823000,75000000,258762000,3133992000,887367000,2356927000,75000000,2281927000,2356927000,5042000,77231000,4314735000,102853000,1530055000,1615000,160535769,AKAM
2021-12-31,USD,8138673000,1920434000,536725000,1618769000,None,675926000,7284054000,1534329000,2260247000,2469479000,313225000,2156254000,3235907000,2153863000,1082044000,16660000,142287000,3608659000,790341000,109928000,111859000,None,175683000,2818318000,882770000,1976167000,0,1976167000,1976167000,6623000,68748000,4530014000,0,1256692000,1605000,160512111,AKAM
2021-09-30,USD,8115475000,2761880000,1264590000,2569211000,None,660092000,6167009000,1543301000,None,1884092000,203596000,1680496000,2953109000,1648488000,1304621000,184503000,133790000,3533030000,731440000,98305000,88726000,None,164559000,2801590000,886853000,1958558000,None,1958558000,1958558000,9169000,80050000,4582445000,251257000,1096158000,1647000,162424440,AKAM
2021-06-30,USD,7920938000,2253252000,581068000,2251574000,None,656609000,6810110000,1538422000,None,1903378000,217519000,1685859000,3977550000,2307044000,1670506000,180155000,131610000,3444281000,647449000,93465000,99839000,None,158390000,2796832000,891913000,1941113000,None,1941113000,1941113000,11189000,81449000,4476657000,154416000,917242000,1645000,163018768,AKAM
2021-03-31,USD,7817920000,2161402000,456799000,2118883000,None,666536000,6801362000,1511393000,None,1909529000,227436000,1682093000,3972501000,2310417000,1662084000,206807000,140646000,3496557000,715131000,119462000,106601000,None,156656000,2781426000,890200000,1923829000,None,1923829000,1923829000,26594000,84862000,4321363000,58241000,760745000,1638000,163245941,AKAM
2020-12-31,USD,7764130000,1929531000,352917000,1842363000,None,660052000,7214335000,1478272000,2041818000,1909095000,234724000,1674371000,4267984000,2778538000,1489446000,20461000,147567000,3512834000,758170000,118546000,81862000,None,154801000,2754664000,870205000,1906707000,None,1906707000,1906707000,27755000,89833000,4251296000,0,605050000,1627000,162709720,AKAM
2020-09-30,USD,7514393000,2243221000,742521000,1444036000,None,630406000,5271172000,1383480000,None,1783397000,184478000,1598919000,1793073000,1110058000,701515000,168779000,151347000,3406776000,717124000,114850000,92896000,None,136292000,2689652000,818915000,1889743000,None,1889743000,1889743000,7225000,81386000,4107617000,121078000,491680000,1641000,162799784,AKAM
2020-06-30,USD,7224798000,2192999000,572288000,1372609000,None,644659000,5031799000,1281392000,None,1790255000,194951000,1595304000,1801773000,1018835000,800321000,175731000,143542000,3320503000,657422000,153958000,98184000,None,138478000,2663081000,812156000,1872937000,None,1872937000,1872937000,7692000,82374000,3904295000,107880000,333057000,1638000,162630477,AKAM
2020-03-31,USD,6947956000,2014584000,384103000,1249271000,None,613809000,4933372000,1180550000,None,1799683000,205486000,1594197000,1811636000,961150000,865168000,151504000,173776000,3275738000,630247000,114100000,103283000,141876000,141876000,2645491000,814905000,1856287000,141876000,1856287000,1856287000,9728000,82944000,3672218000,80550000,171142000,1631000,162176589,AKAM
2019-12-31,USD,7006886000,2231613000,393745000,2680000000,None,551943000,5595723000,1152153000,1878910000,1779696000,179431000,1600265000,3942089000,1655834000,2286255000,17604000,173062000,3348928000,693336000,138946000,75591000,139463000,139463000,2686799000,831644000,1839791000,139463000,1839791000,1839791000,8843000,90065000,3657958000,0,47996000,1620000,162000843,AKAM
2019-09-30,USD,6357434000,2253908000,738462000,1570211000,None,516657000,4103526000,1079914000,None,1749886000,166407000,1583479000,1551838000,734116000,831749000,167040000,151134000,2855834000,602523000,108187000,103368000,86959000,86959000,2253311000,383709000,1823448000,86959000,1823448000,1823448000,4202000,106790000,3501600000,291788000,-71104000,1652000,161659502,AKAM
2019-06-30,USD,5343236000,1744794000,515896000,1042492000,None,523382000,3598442000,1019407000,None,1762673000,176031000,1586642000,799817000,287046000,526596000,178920000,150511000,1948472000,590814000,126539000,115954000,96160000,96160000,1357658000,395222000,893191000,96160000,893191000,893191000,7350000,135102000,3394764000,116247000,-208994000,1649000,163359091,AKAM
2019-03-31,USD,5182762000,1818418000,688698000,688698000,None,529346000,3063884000,951259000,None,1771869000,184879000,1586990000,531366000,101434000,429932000,170442000,150865000,1899545000,569706000,102371000,None,None,101545000,1017062000,394926000,883584000,101545000,883584000,883584000,16599000,126996000,3283217000,34872000,-322909000,1640000,163503258,AKAM
2018-12-31,USD,5461770000,2535354000,1036455000,1036455000,None,479889000,3090760000,910618000,1677219000,1655752000,168348000,1487404000,1263822000,209066000,855650000,18711000,116067000,2269910000,1210709000,99089000,73640000,686552000,686552000,1103553000,None,1560632000,686552000,686400000,1560632000,27681000,160940000,3191860000,0,-430890000,1629000,162904550,AKAM
2018-09-30,USD,5363887000,2429789000,705407000,705407000,None,466364000,3156582000,884483000,None,1665508000,176640000,1488868000,1353138000,257135000,1096233000,161785000,103284000,2208357000,1195938000,96051000,None,680564000,680564000,993592000,None,1545243000,680564000,864679000,1545243000,20324000,123695000,3155531000,625925000,-524906000,1722000,163886719,AKAM
2018-06-30,USD,5604704000,2484160000,977488000,977488000,None,479865000,3477568000,852950000,None,1679245000,184934000,1494311000,1291119000,411746000,879483000,147324000,132373000,2159426000,1136328000,84167000,None,674629000,674629000,1004862000,None,1530007000,674629000,855378000,1530007000,23977000,143409000,3445278000,185512000,-632489000,1718000,169311093,AKAM
2018-03-31,USD,4686904000,1459726000,363703000,811553000,None,484617000,3685038000,845118000,None,1692134000,193228000,1498906000,950145000,512270000,447850000,163556000,133166000,1300647000,1130595000,81239000,102539000,668745000,668745000,170052000,None,647490000,668745000,712900000,647490000,32046000,145328000,3386258000,19785000,-675550000,1708000,170841758,AKAM
2017-12-31,USD,4648916000,1346246000,313382000,711936000,None,459127000,3802616000,862535000,1484447000,1699947000,201259000,1498688000,958267000,567592000,398554000,29302000,136365000,1286447000,456694000,80278000,84544000,None,283743000,946541000,None,635826000,662913000,697000000,635826000,22178000,142955000,3362469000,0,-742408000,1699000,169893324,AKAM
2017-09-30,USD,4509134000,1295783000,368152000,752001000,None,400839000,3849309000,883754000,None,1535050000,176288000,1358762000,1038683000,661929000,383849000,142943000,113688000,1236479000,430306000,88339000,68940000,None,267966000,806173000,None,624262000,657131000,670300000,624262000,9285000,128834000,3272655000,306628000,-761515000,1755000,169726509,AKAM
2017-06-30,USD,4489039000,1238357000,352501000,683121000,None,395865000,3968624000,856039000,None,1540664000,184041000,1356623000,1055819000,731781000,330620000,159371000,114750000,1201867000,399064000,91741000,77620000,None,222023000,802803000,None,612800000,651400000,676200000,612800000,11528000,125793000,3287172000,177615000,-822027000,1751000,172027173,AKAM
2017-03-31,USD,4449995000,1398461000,522319000,845069000,None,400792000,3777601000,824724000,None,1371398000,141894000,1229504000,1055939000,739065000,322750000,152600000,109015000,1191449000,381876000,90179000,67939000,None,218028000,809573000,None,601438000,645719000,684300000,601438000,10235000,119447000,3258546000,72467000,-879799000,1743000,173189385,AKAM
2016-12-31,USD,4373146000,1309917000,324169000,837018000,None,368596000,3829813000,801017000,1283690000,1377966000,149463000,1228503000,1288138000,779311000,512849000,19733000,95953000,1148776000,374588000,76120000,56730000,None,238777000,877087000,None,590174000,640087000,721400000,590174000,6719000,118691000,3270218000,0,-960729000,1733000,173254797,AKAM
2016-09-30,USD,4353635000,1386964000,381803000,911219000,None,357997000,3709989000,797923000,None,1290086000,138870000,1151216000,1293518000,767691000,529416000,117748000,89815000,1184704000,431536000,74328000,65426000,None,291101000,753168000,None,579008000,None,676600000,579008000,4815000,105567000,3168931000,294867000,-1052368000,1794000,173670583,AKAM
2016-06-30,USD,4269722000,1365584000,326644000,868706000,None,364401000,3629901000,786835000,None,1292805000,142668000,1150137000,1270280000,731232000,542062000,132477000,90811000,1119249000,376542000,68249000,70898000,None,234013000,742707000,None,567940000,None,669300000,567940000,7117000,99754000,3150473000,199710000,-1128368000,1791000,175110207,AKAM
2016-03-31,USD,4183752000,1330828000,312912000,837870000,None,365103000,3532177000,770197000,None,1301755000,149379000,1152376000,1207701000,685362000,524958000,127855000,92120000,1070170000,333233000,63822000,69143000,None,197487000,736937000,None,556970000,None,673300000,556970000,7019000,97508000,3113582000,108725000,-1202003000,1783000,176050217,AKAM
2015-12-31,USD,4181684000,1253188000,289473000,749561000,None,380399000,3703297000,753180000,1062374000,1306339000,156095000,1150244000,1233348000,774674000,460088000,48432000,89603000,1060806000,332440000,61982000,58317000,None,216166000,734607000,None,558576000,618047000,660700000,558576000,138000,93268000,3162865000,0,-1276861000,1772000,177212181,AKAM
2015-09-30,USD,4184809000,1210985000,256471000,667853000,61574000,365957000,3807909000,734540000,None,1294478000,158978000,1135500000,1247355000,837020000,411382000,115601000,105898000,1099146000,332006000,60902000,60096000,None,159710000,767140000,None,548730000,None,724300000,548730000,234000,93334000,3085663000,202426000,-1365281000,1811000,178233604,AKAM
2015-06-30,USD,4131105000,1151476000,257448000,643503000,45678000,342930000,3858472000,704571000,None,1301677000,165730000,1135947000,1266788000,881452000,386055000,119365000,90039000,1085793000,348242000,85311000,60759000,None,149102000,737551000,None,538968000,None,720900000,538968000,1287000,79746000,3045312000,126068000,-1453321000,1805000,178789941,AKAM
2015-03-31,USD,3986913000,1241579000,332557000,713285000,41624000,356629000,3544909000,666093000,None,1194681000,130532000,1064149000,1182195000,801854000,380728000,130041000,80814000,1005231000,269331000,67637000,59483000,None,88816000,735900000,None,529294000,None,746600000,529294000,2276000,77491000,2981682000,62680000,-1520521000,1796000,178684242,AKAM
2014-12-31,USD,4001546000,1262555000,238650000,758292000,45704000,329578000,3607028000,601591000,878758000,1183706000,132412000,1051294000,1389634000,869992000,519642000,46681000,81747000,1056211000,334011000,77412000,53508000,None,155007000,722200000,None,519702000,604851000,720900000,519702000,2234000,74221000,2945335000,0,-1598267000,1783000,178300603,AKAM
2014-09-30,USD,3854291000,1152676000,214339000,710912000,24844000,326747000,3549932000,559194000,None,1189862000,140815000,1049047000,1347420000,850847000,496573000,90173000,99182000,1005911000,301601000,74801000,54229000,None,123403000,704310000,None,510196000,None,691700000,510196000,2233000,75466000,2848380000,226513000,-1695374000,1851000,178194979,AKAM
2014-06-30,USD,3768657000,1199667000,254165000,756773000,29462000,325385000,3302302000,536637000,None,1198265000,149218000,1049047000,1238237000,735629000,502608000,88047000,96142000,995913000,283292000,70534000,52238000,None,110464000,712621000,None,500770000,None,705800000,500770000,5930000,72795000,2772744000,187491000,-1786529000,1844000,178270354,AKAM
2014-03-31,USD,3651492000,1127300000,248726000,698130000,38018000,301954000,3267987000,503601000,None,1208401000,157621000,1050780000,1170675000,721271000,449404000,89198000,88443000,939347000,244186000,61707000,None,None,82088000,695161000,None,590714000,None,683700000,590714000,3673000,71821000,2712145000,116147000,-1859415000,1832000,178517946,AKAM
2013-12-31,USD,2957685000,1029714000,333891000,673896000,21734000,271988000,2523672000,450287000,763990000,834797000,77429000,757368000,913031000,573026000,340005000,29349000,67536000,328254000,263166000,73710000,None,None,113433000,65368000,None,None,None,None,None,2119000,57152000,2629431000,0,-1932215000,1808000,178580696,AKAM
2013-09-30,USD,2885125000,910642000,235015000,566315000,20422000,256453000,2599015000,424605000,None,831074000,79803000,751271000,951504000,620204000,331300000,67452000,77928000,341995000,285424000,49073000,None,None,134502000,56861000,None,None,None,None,None,27799000,53928000,2543130000,736870000,-2012564000,2059000,178707441,AKAM
2013-06-30,USD,2725270000,859384000,204865000,531164000,20422000,237286000,2463879000,405653000,None,797948000,68562000,729386000,913547000,587470000,326077000,70734000,60288000,277397000,226574000,50370000,None,None,111207000,51132000,None,None,None,None,None,32978000,47928000,2447873000,707245000,-2092320000,2045000,178115006,AKAM
2013-03-31,USD,2646667000,831653000,165275000,513446000,20422000,232328000,2370564000,369555000,None,803764000,74297000,729467000,917159000,569208000,347951000,65677000,58775000,261890000,211909000,57574000,None,None,86305000,50318000,None,None,None,None,None,34111000,47220000,2384777000,664741000,-2154215000,2031000,177840407,AKAM
2012-12-31,USD,2600627000,728384000,201989000,437838000,20422000,218777000,2516142000,345091000,686134000,808255000,84554000,723701000,900360000,657659000,235592000,51604000,39811000,254873000,202944000,43291000,None,None,106796000,52295000,None,None,None,None,None,275000,49364000,2345754000,624462000,-2225702000,2015000,177782814,AKAM
2012-09-30,USD,2539454000,753689000,182650000,465283000,None,236232000,2378914000,331218000,None,803976000,82375000,721601000,875684000,593105000,282579000,52228000,15365000,279516000,212920000,52749000,None,None,103689000,66989000,None,None,None,None,None,28555000,64499000,2259938000,594643000,-2293994000,2000000,177331901,AKAM
2012-06-30,USD,2445576000,756605000,182996000,496613000,None,206316000,2210898000,315866000,None,793724000,84056000,709668000,835449000,521885000,313564000,53729000,14314000,230943000,165852000,44546000,None,None,68536000,65514000,None,None,None,None,None,26698000,63249000,2214633000,558120000,-2342225000,1993000,177871256,AKAM
2012-03-31,USD,2414118000,679541000,144724000,404598000,None,215855000,2005281000,303518000,None,799147000,89519000,709628000,833996000,574178000,259818000,59144000,14460000,212930000,148538000,32944000,None,None,67884000,64892000,None,None,None,None,None,24518000,62165000,2201188000,490908000,-2386464000,1982000,195561243,AKAM
2011-12-31,USD,2345501000,1122020000,559197000,849226000,None,210936000,1604252000,293043000,579411000,498300000,45386000,452914000,676434000,380729000,290029000,61858000,7924000,189251000,148392000,38247000,None,None,64027000,41359000,None,None,None,None,None,24774000,38389000,2156250000,482994000,-2429691000,1959000,177504624,AKAM
2011-09-30,USD,2301957000,924479000,355599000,687617000,None,182665000,1595476000,285476000,None,502616000,49702000,452914000,835396000,503429000,331967000,54248000,9210000,179946000,138878000,30349000,None,None,62064000,41068000,None,None,None,None,None,23264000,38013000,2122011000,406662000,-2489772000,1947000,179519564,AKAM
2011-06-30,USD,2404149000,750953000,205629000,497327000,None,178260000,2167061000,274377000,None,763555000,53887000,709668000,1079844000,788197000,291647000,75417000,9540000,175834000,138708000,29053000,None,None,64497000,37126000,None,None,None,None,None,22746000,33693000,2228315000,251537000,-2532057000,1944000,185981780,AKAM
2011-03-31,USD,2374799000,816814000,217174000,563569000,51000,169656000,1984730000,266968000,None,511093000,58179000,452914000,1040063000,693668000,346395000,83589000,11425000,164611000,134095000,28548000,None,None,63956000,30516000,None,None,None,None,None,21144000,26574000,2210188000,201077000,-2579978000,1937000,186932838,AKAM
2010-12-31,USD,2352676000,858467000,231866000,606871000,None,175366000,47130785000,255929000,492035000,515370000,62456000,452914000,1016328000,636531000,375005000,76230000,11153000,175071000,145151000,26375000,None,None,None,29920000,None,None,None,None,None,94968000,26278000,2177605000,158261000,-2630595000,1924000,186603380,AKAM
2010-09-30,USD,2262752000,855808000,197567000,607596000,602000,158115000,1167464000,239508000,None,519673000,66723000,452950000,None,582609000,410029000,90097000,12185000,228605000,201165000,29649000,None,None,58620000,27440000,None,None,58620000,None,58620000,85106000,25423000,2034147000,131369000,-2683105000,1877000,182448439,AKAM
2010-06-30,USD,2202998000,778167000,120506000,504188000,602000,164574000,1196970000,227888000,None,523803000,70853000,452950000,None,608087000,383682000,109405000,11622000,229910000,199834000,33529000,None,None,63562000,30076000,None,None,63562000,None,63562000,71047000,27088000,1973088000,108623000,-2722814000,1863000,181627935,AKAM
2009-12-31,USD,2087510000,761173000,181305000,566741000,None,154269000,1143969000,182404000,379265000,517620000,76273000,441347000,884658000,494743000,385436000,40163000,4416000,348788000,327293000,23997000,None,None,199755000,21495000,None,None,None,None,199755000,69357000,18818000,1738722000,66301000,-2801815000,1746000,171248356,AKAM
2009-09-30,USD,2028671000,776572000,202802000,582070000,1941000,152132000,1072346000,179826000,None,522290000,80415000,441875000,None,391206000,379268000,42370000,4531000,330225000,110305000,24142000,None,None,30423000,219920000,None,199755000,None,199755000,199755000,25317000,17211000,1698446000,51226000,-2841895000,1739000,171222534,AKAM
2009-06-30,USD,1988970000,802266000,321083000,620026000,3330000,144537000,1012115000,174742000,None,526393000,84518000,441875000,None,306752000,298943000,37703000,5068000,308079000,89928000,19279000,None,None,41419000,218151000,None,199855000,None,199855000,199855000,1148000,14802000,1680891000,14994000,-2874640000,1735000,172802114,AKAM
2023-12-31,USD,24385000000,7838000000,2481000000,2481000000,3216000000,1523000000,15621000000,3315000000,8730000000,10116000000,79000000,10037000000,None,None,None,618000000,1772000000,13441000000,4693000000,None,None,1042000000,1042000000,10077000000,None,8393000000,1042000000,7351000000,8393000000,1390000000,1397000000,10068000000,None,6601000000,3000000,326000000,WDC
2023-09-30,USD,24001000000,7577000000,2032000000,2032000000,3497000000,1451000000,15598000000,3371000000,8654000000,10115000000,80000000,10035000000,None,None,None,597000000,1693000000,13012000000,5792000000,None,None,1850000000,1850000000,8553000000,None,7672000000,1850000000,5822000000,7672000000,2371000000,1398000000,10230000000,None,6739000000,3000000,324000000,WDC
2023-06-30,USD,24546000000,7886000000,2023000000,2023000000,3698000000,1598000000,15506000000,3620000000,8630000000,10117000000,80000000,10037000000,None,None,None,567000000,1513000000,12706000000,5434000000,None,None,1213000000,1213000000,8622000000,None,7070000000,1213000000,5857000000,7070000000,2636000000,1415000000,10964000000,None,7573000000,3000000,322000000,WDC
2023-03-31,USD,25151000000,8483000000,2220000000,2220000000,3979000000,1591000000,15557000000,3668000000,8595000000,10138000000,97000000,10041000000,None,None,None,693000000,1483000000,12664000000,5261000000,1307000000,None,1175000000,1175000000,8820000000,None,7073000000,1175000000,5898000000,7073000000,2514000000,1505000000,11611000000,None,8139000000,3000000,320000000,WDC
2022-12-31,USD,25047000000,8381000000,1871000000,1871000000,3773000000,1905000000,15580000000,3688000000,8476000000,10176000000,135000000,10041000000,None,542000000,None,832000000,1445000000,12932000000,4382000000,1193000000,None,38000000,38000000,9975000000,None,7071000000,38000000,7033000000,7071000000,2783000000,1517000000,12245000000,None,8711000000,3000000,319000000,WDC
2022-09-30,USD,25686000000,9071000000,2049000000,2049000000,3862000000,2422000000,15684000000,3718000000,8425000000,10211000000,174000000,10037000000,None,493000000,None,738000000,1467000000,13579000000,4966000000,1686000000,None,None,40000000,10084000000,None,7071000000,None,7071000000,7071000000,2985000000,1542000000,12222000000,None,9157000000,3000000,318000000,WDC
2022-06-30,USD,26259000000,9453000000,2327000000,2327000000,3638000000,2804000000,15410000000,3670000000,8300000000,10254000000,213000000,10041000000,None,None,3000000,684000000,1486000000,14038000000,5237000000,1902000000,None,None,40000000,10224000000,None,7022000000,0,7022000000,7022000000,2335000000,1779000000,12221000000,0,9039000000,3000000,315000000,WDC
2022-03-31,USD,25699000000,9178000000,2505000000,2505000000,3661000000,None,16521000000,3488000000,8219000000,10313000000,252000000,10061000000,None,570000000,None,659000000,1303000000,13715000000,4397000000,1836000000,None,None,75000000,9318000000,None,7162000000,75000000,7087000000,7162000000,2090000000,2231000000,11984000000,0,8738000000,3000000,313000000,WDC
2021-12-31,USD,26025000000,9535000000,2531000000,2531000000,3647000000,2743000000,15255000000,3367000000,8068000000,10365000000,300000000,10065000000,None,None,None,614000000,1205000000,14007000000,4929000000,2022000000,None,251000000,251000000,11029000000,None,7308000000,251000000,7057000000,7308000000,2267000000,2021000000,12018000000,0,8713000000,3000000,313000000,WDC
2021-09-30,USD,26391000000,9856000000,3290000000,3290000000,3544000000,None,16535000000,3260000000,7921000000,10430000000,364000000,10066000000,None,None,1646000000,576000000,1199000000,15030000000,4709000000,1896000000,None,None,251000000,10321000000,None,8521000000,251000000,8270000000,8521000000,2184000000,2051000000,11361000000,25000000,8149000000,3000000,311000000,WDC
2021-06-30,USD,26132000000,9757000000,3370000000,3370000000,3616000000,2257000000,14789000000,3188000000,7771000000,10508000000,442000000,10066000000,None,None,1586000000,514000000,1093000000,15411000000,4870000000,1934000000,None,251000000,251000000,12294000000,None,8725000000,251000000,8474000000,8725000000,2287000000,2067000000,10721000000,232000000,7539000000,3000000,308000000,WDC
2021-03-31,USD,25409000000,9032000000,2734000000,2734000000,3683000000,None,16377000000,3061000000,7788000000,10585000000,519000000,10066000000,None,None,1694000000,710000000,1037000000,15460000000,4501000000,1807000000,None,None,251000000,10959000000,None,8929000000,251000000,8678000000,8929000000,2046000000,2281000000,9949000000,364000000,6917000000,3000000,306000000,WDC
2020-12-31,USD,25552000000,9109000000,2956000000,2956000000,3576000000,None,16443000000,2918000000,7646000000,10667000000,596000000,10071000000,None,None,1858000000,744000000,1000000000,15723000000,4526000000,1939000000,None,None,251000000,11197000000,None,9133000000,251000000,8882000000,9133000000,1943000000,2315000000,9829000000,390000000,6720000000,3000000,306000000,WDC
2020-09-30,USD,25402000000,9005000000,2995000000,2995000000,3355000000,None,16397000000,2897000000,7577000000,10827000000,758000000,10069000000,None,None,1746000000,558000000,927000000,15826000000,4429000000,1949000000,None,None,286000000,11397000000,None,9372000000,286000000,9086000000,9372000000,1790000000,2311000000,9576000000,521000000,6658000000,3000000,304000000,WDC
2020-06-30,USD,25662000000,9048000000,3048000000,3048000000,3070000000,None,16614000000,2854000000,7446000000,11008000000,941000000,10067000000,None,None,1875000000,551000000,877000000,16111000000,4406000000,1945000000,None,None,286000000,11705000000,None,9575000000,286000000,9289000000,9575000000,1768000000,2416000000,9551000000,737000000,6725000000,3000000,302000000,WDC
2020-03-31,USD,25509000000,8553000000,2943000000,2943000000,3091000000,None,16956000000,2735000000,7350000000,11192000000,1126000000,10066000000,None,None,None,541000000,872000000,16266000000,4471000000,1786000000,None,None,286000000,11795000000,None,9629000000,286000000,9343000000,9629000000,2002000000,2452000000,9243000000,898000000,6578000000,3000000,300000000,WDC
2019-12-31,USD,25860000000,8627000000,3137000000,3137000000,3122000000,None,17233000000,2722000000,7235000000,11380000000,1311000000,10069000000,None,2321000000,None,577000000,810000000,16481000000,4482000000,1736000000,None,None,286000000,11999000000,None,9833000000,286000000,9547000000,9833000000,2096000000,2452000000,9379000000,962000000,6717000000,3000000,299000000,WDC
2019-09-30,USD,26280000000,8500000000,3248000000,3248000000,3287000000,None,17780000000,2796000000,7160000000,11604000000,1514000000,10090000000,None,2629000000,None,517000000,751000000,16714000000,4288000000,1724000000,None,None,251000000,12426000000,None,10212000000,251000000,9961000000,10212000000,1806000000,2465000000,9566000000,1087000000,7012000000,3000000,298000000,WDC
2019-06-30,USD,26370000000,8477000000,3455000000,3455000000,3283000000,None,17893000000,2843000000,7160000000,11787000000,1711000000,10076000000,0,0,None,535000000,472000000,16403000000,3817000000,1567000000,43000000,None,276000000,12586000000,None,10522000000,276000000,10246000000,10522000000,1643000000,2340000000,9967000000,1268000000,7449000000,3000000,295000000,WDC
2019-03-31,USD,26913000000,8902000000,3682000000,3682000000,3440000000,None,18011000000,3031000000,7607000000,11993000000,1918000000,10075000000,119000000,104000000,15000000,557000000,584000000,16699000000,4212000000,1577000000,None,None,276000000,12487000000,None,10585000000,276000000,10309000000,10585000000,2047000000,2178000000,10214000000,1424000000,7799000000,3000000,293000000,WDC
2018-12-31,USD,27939000000,9742000000,4013000000,4013000000,3427000000,None,18197000000,3077000000,7440000000,12222000000,2148000000,10074000000,117000000,94000000,23000000,587000000,580000000,17027000000,4350000000,1925000000,None,None,244000000,12677000000,None,10614000000,244000000,10370000000,10614000000,1871000000,2307000000,10912000000,1650000000,8532000000,3000000,291000000,WDC
2018-09-30,USD,28705000000,10571000000,4646000000,4646000000,3119000000,None,18134000000,3054000000,7277000000,12476000000,2404000000,10072000000,0,91000000,24000000,587000000,576000000,17330000000,4385000000,2081000000,None,None,213000000,12945000000,None,11143000000,213000000,10930000000,11143000000,1805000000,2015000000,11375000000,1809000000,9172000000,3000000,289000000,WDC
2018-06-30,USD,29235000000,10638000000,5005000000,5005000000,2944000000,None,18597000000,3095000000,7091000000,12755000000,2680000000,10075000000,0,93000000,23000000,492000000,642000000,17704000000,4456000000,2265000000,None,None,179000000,13248000000,None,11172000000,179000000,10993000000,11172000000,1753000000,2255000000,11531000000,1444000000,8757000000,3000000,296000000,WDC
2018-03-31,USD,29004000000,10164000000,118000000,4963000000,2670000000,None,18840000000,3011000000,6945000000,13035000000,2956000000,10079000000,113000000,93000000,20000000,500000000,634000000,17704000000,4259000000,2134000000,None,None,124000000,13445000000,None,11200000000,124000000,11076000000,11200000000,1719000000,2369000000,11300000000,1181000000,8155000000,3000000,299000000,WDC
2017-12-31,USD,29840000000,11113000000,6272000000,6272000000,2281000000,None,18727000000,3054000000,6781000000,13306000000,3230000000,10076000000,117000000,94000000,23000000,485000000,522000000,18568000000,4353000000,1921000000,None,None,274000000,14215000000,None,12051000000,274000000,11777000000,12051000000,1908000000,2438000000,11272000000,1345000000,8250000000,3000000,297000000,WDC
2017-09-30,USD,30505000000,11820000000,6886000000,6886000000,2302000000,None,18685000000,3048000000,6677000000,13618000000,3545000000,10073000000,129000000,94000000,35000000,496000000,557000000,18446000000,4469000000,2066000000,None,None,258000000,13977000000,None,13131000000,258000000,12873000000,13131000000,1919000000,1104000000,12059000000,1510000000,9229000000,3000000,295000000,WDC
2017-06-30,USD,29860000000,11056000000,5124000000,6354000000,2341000000,None,18804000000,3033000000,6493000000,13837000000,3823000000,10014000000,118000000,94000000,24000000,413000000,594000000,18442000000,4344000000,2144000000,None,None,205000000,14098000000,None,13151000000,233000000,12918000000,13356000000,1761000000,1180000000,11418000000,1666000000,8633000000,3000000,294000000,WDC
2017-03-31,USD,29448000000,10313000000,5652000000,5652000000,2254000000,None,19135000000,3099000000,6445000000,14156000000,4144000000,10012000000,118000000,89000000,25000000,434000000,589000000,18417000000,4309000000,2185000000,None,None,0,14108000000,None,13088000000,181000000,12907000000,13088000000,1749000000,1201000000,11031000000,1860000000,8507000000,3000000,291000000,WDC
2016-12-31,USD,28975000000,9606000000,4940000000,4940000000,2085000000,None,19369000000,3238000000,6356000000,14474000000,4469000000,10005000000,250000000,0,161000000,416000000,575000000,18243000000,4088000000,2012000000,None,None,226000000,14155000000,None,13073000000,129000000,12944000000,13299000000,1772000000,1211000000,10732000000,2059000000,8411000000,3000000,288000000,WDC
2016-09-30,USD,29010000000,9123000000,4077000000,4077000000,2109000000,None,19887000000,3359000000,6228000000,14758000000,4791000000,9967000000,400000000,1217000000,248000000,666000000,553000000,18235000000,3919000000,1946000000,None,None,237000000,14316000000,None,13133000000,78000000,13055000000,13370000000,1705000000,1261000000,10775000000,2164000000,8329000000,3000000,285000000,WDC
2016-06-30,USD,32862000000,12584000000,8151000000,8151000000,2129000000,None,20278000000,3503000000,6129000000,14985000000,5034000000,9951000000,346000000,0,227000000,616000000,619000000,21717000000,6949000000,1888000000,None,None,532000000,14768000000,None,16994000000,339000000,13660000000,17526000000,1559000000,1108000000,11145000000,2238000000,8848000000,3000000,284000000,WDC
2016-03-31,USD,14947000000,8740000000,5887000000,5887000000,1227000000,None,6207000000,2687000000,6091000000,268000000,268000000,2766000000,None,None,146000000,226000000,486000000,5338000000,2781000000,1571000000,None,None,0,2557000000,None,2000000000,203000000,2000000000,2203000000,1007000000,557000000,9609000000,2243000000,9363000000,3000000,233000000,WDC
2015-12-31,USD,15466000000,8948000000,5363000000,5363000000,1238000000,None,6518000000,2801000000,5915000000,292000000,292000000,2766000000,None,1082000000,497000000,200000000,659000000,5909000000,3245000000,1806000000,None,None,255000000,2664000000,None,12944000000,188000000,2062000000,2505000000,996000000,602000000,9557000000,2266000000,9407000000,3000000,232000000,WDC
2015-09-30,USD,15261000000,8655000000,5081000000,5081000000,1260000000,None,6606000000,2890000000,5745000000,319000000,319000000,2766000000,None,None,347000000,351000000,631000000,5925000000,3231000000,1799000000,None,None,255000000,2694000000,None,2109000000,172000000,2109000000,2536000000,1005000000,585000000,9336000000,2303000000,9273000000,3000000,231000000,WDC
2015-06-30,USD,15170000000,8513000000,5024000000,5024000000,1368000000,None,6664000000,2965000000,5639000000,3098000000,332000000,2766000000,262000000,None,262000000,327000000,594000000,5951000000,3238000000,1881000000,None,None,255000000,2720000000,None,2301000000,152000000,2149000000,2312000000,950000000,564000000,9219000000,2299000000,9107000000,3000000,230000000,WDC
2015-03-31,USD,15176000000,8429000000,4812000000,4812000000,1322000000,None,6747000000,3051000000,5469000000,400000000,400000000,2745000000,None,None,228000000,371000000,551000000,5950000000,3218000000,2020000000,None,None,141000000,2732000000,None,2203000000,141000000,2203000000,2300000000,1057000000,529000000,9226000000,2147000000,9004000000,3000000,231000000,WDC
2014-12-31,USD,15139000000,8660000000,4902000000,4902000000,1282000000,None,6479000000,3099000000,5254000000,359000000,359000000,2566000000,None,None,241000000,355000000,455000000,6057000000,3289000000,2071000000,None,None,125000000,2746000000,None,2250000000,125000000,2250000000,2400000000,1093000000,518000000,9082000000,1945000000,8738000000,3000000,232000000,WDC
2014-09-30,USD,15652000000,8990000000,5159000000,5159000000,1272000000,None,6662000000,3202000000,5042000000,406000000,406000000,2559000000,None,None,222000000,422000000,495000000,6689000000,3918000000,2016000000,None,None,125000000,2771000000,None,2281000000,125000000,2281000000,2406000000,1777000000,490000000,8963000000,1705000000,8394000000,3000000,234000000,WDC
2014-06-30,USD,15499000000,8720000000,4804000000,4804000000,1226000000,None,6779000000,3293000000,4830000000,454000000,454000000,2559000000,291000000,215000000,284000000,417000000,473000000,6657000000,3845000000,1971000000,None,None,0,2812000000,None,2438000000,125000000,2313000000,2438000000,1749000000,499000000,8842000000,1570000000,8066000000,3000000,234000000,WDC
2014-03-31,USD,15332000000,8306000000,4569000000,4569000000,1277000000,None,7026000000,3406000000,4585000000,539000000,539000000,2558000000,297000000,188000000,296000000,362000000,523000000,6564000000,3747000000,1902000000,None,None,125000000,2817000000,None,2344000000,125000000,2344000000,2500000000,1720000000,473000000,8768000000,1390000000,7845000000,3000000,235000000,WDC
2013-12-31,USD,15282000000,8288000000,4655000000,4655000000,1293000000,None,6994000000,3509000000,4370000000,607000000,607000000,2555000000,None,None,None,381000000,323000000,6703000000,4620000000,2106000000,None,None,500000000,2083000000,None,1800000000,230000000,1610000000,2300000000,1784000000,473000000,8579000000,1178000000,7541000000,3000000,237000000,WDC
2013-09-30,USD,14806000000,8261000000,4869000000,4869000000,1244000000,None,6545000000,3638000000,4126000000,616000000,616000000,2051000000,None,None,None,357000000,240000000,6553000000,4427000000,2061000000,None,None,500000000,2126000000,None,1668000000,230000000,1668000000,2400000000,1636000000,458000000,8253000000,1119000000,7183000000,3000000,236000000,WDC
2013-06-30,USD,14036000000,7598000000,4309000000,4309000000,1188000000,None,6438000000,3700000000,3916000000,605000000,605000000,1954000000,None,None,None,308000000,179000000,6143000000,3973000000,1990000000,None,None,0,2170000000,None,1955000000,230000000,1725000000,1955000000,1753000000,445000000,7893000000,1012000000,6749000000,3000000,237000000,WDC
2013-03-31,USD,13927000000,7340000000,4060000000,4060000000,1197000000,None,6587000000,3803000000,3758000000,656000000,656000000,1954000000,None,None,None,383000000,174000000,5504000000,3226000000,2037000000,None,None,230000000,2278000000,None,2000000000,230000000,1783000000,2013000000,959000000,495000000,8423000000,905000000,7073000000,3000000,238000000,WDC
2012-12-31,USD,13929000000,7175000000,3816000000,3816000000,1204000000,None,6754000000,3938000000,3552000000,709000000,709000000,1907000000,None,None,None,423000000,200000000,5682000000,3326000000,2185000000,None,None,288000000,2356000000,None,2100000000,288000000,1840000000,2128000000,853000000,516000000,8247000000,732000000,6744000000,3000000,241000000,WDC
2012-09-30,USD,14172000000,7186000000,3537000000,3537000000,1304000000,None,6986000000,4027000000,3297000000,746000000,746000000,1944000000,None,None,None,394000000,269000000,6135000000,3695000000,2545000000,None,None,230000000,2440000000,None,2100000000,230000000,1898000000,2128000000,920000000,542000000,8037000000,674000000,6470000000,3000000,243000000,WDC
2012-06-30,USD,14206000000,7141000000,3208000000,3208000000,1210000000,None,7065000000,4067000000,3106000000,799000000,799000000,1975000000,None,None,None,359000000,224000000,6537000000,4032000000,2773000000,None,None,230000000,2505000000,None,2185000000,230000000,1955000000,2185000000,1029000000,550000000,7669000000,554000000,6012000000,3000000,246000000,WDC
2012-03-31,USD,14510000000,7445000000,3377000000,3377000000,1282000000,None,7065000000,4171000000,None,840000000,840000000,1851000000,None,None,None,409000000,203000000,7094000000,4535000000,2774000000,None,None,500000000,2559000000,None,2013000000,230000000,2013000000,2743000000,1031000000,546000000,7416000000,None,5267000000,3000000,261000000,WDC
2011-12-31,USD,7807000000,5398000000,3924000000,3924000000,466000000,None,2409000000,2091000000,None,63000000,63000000,151000000,None,None,None,261000000,104000000,1884000000,1552000000,883000000,None,None,181000000,332000000,None,50000000,181000000,50000000,231000000,488000000,282000000,5923000000,None,4784000000,2000000,235000000,WDC
2011-09-30,USD,8467000000,5926000000,3675000000,3675000000,645000000,None,2541000000,2209000000,None,67000000,67000000,151000000,None,None,None,250000000,114000000,2744000000,2354000000,1708000000,None,None,163000000,390000000,None,100000000,163000000,100000000,263000000,483000000,290000000,5723000000,None,4639000000,2000000,234000000,WDC
2011-06-30,USD,8118000000,5487000000,3490000000,3490000000,577000000,None,2631000000,2224000000,2613000000,71000000,71000000,151000000,None,None,None,214000000,185000000,2630000000,2170000000,1545000000,None,None,144000000,460000000,None,294000000,144000000,150000000,294000000,481000000,310000000,5488000000,None,4400000000,2000000,233000000,WDC
2011-03-31,USD,7839000000,5153000000,3230000000,3230000000,574000000,None,2686000000,2249000000,None,75000000,75000000,151000000,None,None,None,178000000,211000000,2523000000,1995000000,1486000000,None,None,125000000,528000000,None,200000000,125000000,200000000,325000000,384000000,328000000,5316000000,None,4242000000,2000000,232000000,WDC
2010-12-31,USD,7843000000,5120000000,3110000000,3110000000,568000000,None,2723000000,2277000000,None,79000000,79000000,151000000,None,None,None,192000000,216000000,2684000000,2144000000,1628000000,None,None,119000000,540000000,None,231000000,119000000,231000000,350000000,397000000,309000000,5159000000,None,4096000000,2000000,232000000,WDC
2010-09-30,USD,7655000000,4961000000,2858000000,2858000000,561000000,None,2694000000,2245000000,None,83000000,83000000,150000000,None,None,None,217000000,216000000,2744000000,2174000000,1703000000,None,None,113000000,570000000,None,262000000,113000000,262000000,375000000,358000000,308000000,4911000000,39000000,3871000000,2000000,230000000,WDC
2010-06-30,USD,7328000000,4720000000,2734000000,2734000000,560000000,None,2608000000,2159000000,2064000000,88000000,88000000,146000000,None,None,None,170000000,215000000,2619000000,2023000000,1507000000,None,None,106000000,596000000,None,400000000,106000000,294000000,400000000,410000000,302000000,4709000000,0,3674000000,2000000,231000000,WDC
2010-03-31,USD,7000000000,4778000000,2826000000,2826000000,507000000,None,2222000000,1756000000,None,80000000,80000000,139000000,None,None,None,188000000,247000000,2569000000,1957000000,1508000000,None,None,100000000,612000000,None,325000000,100000000,325000000,425000000,349000000,287000000,4431000000,None,3410000000,2000000,229000000,WDC
2010-12-31,USD,6585000000,4416000000,2435000000,3110000000,453000000,None,2723000000,1696000000,None,79000000,79000000,139000000,None,None,None,163000000,251000000,2594000000,2007000000,1507000000,None,None,119000000,540000000,None,231000000,94000000,350000000,350000000,397000000,237000000,3991000000,None,3009000000,2000000,228000000,WDC
2009-09-30,USD,5849000000,3750000000,2056000000,2056000000,395000000,None,2099000000,1625000000,None,86000000,86000000,139000000,None,None,None,168000000,249000000,2326000000,1749000000,1342000000,None,None,88000000,577000000,None,375000000,88000000,375000000,463000000,319000000,202000000,3523000000,None,2580000000,2000000,225000000,WDC
